id,department
00902NQZIJXQGX281oqp,Administration
00902CAKBPPDVN2im1oi,Administration
00902MEYKFWXVE2bh8o0,Administration
00902XKDMMIXTK2a1r3z,Merchandising
00902FNPILZMAN2gl72n,Product
00902AEHICOVUG1yadiv,Finance
00902CYWKOFOLC1d4esh,Finance
00902OLDDPSUWG261vi8,IT
00902YCLBJALUZ281or5,Merchandising
00902ARMQHOMGK1j2s97,Merchandising
00902SGHQTAEYT1ndanh,Merchandising
00902YWOJXEMEP1mpzu5,Merchandising
00902ZSYCUKSBZ1z7jxp,Marketing
00902MBHKFAJXL2dmqn5,Engineering
00902KBLJKDJVU2gl3nc,Supply Chain
00902ZNNZUMVXD2f7vx3,Supply Chain
00902ZWMMMLYIC1mpzuq,Finance
00902MBJPNUEIE1mpzu6,Finance
00902MQDNUQFIU281oqx,Administration
00902EAVOJMRFT1mpzv4,Administration
00902KQKQFXNLZ1rxqk0,Administration
00902DCENGRXUY1ndana,Administration
00902HTPQQYUNZ2788vi,Product
00902MRRIIDWSU29k32z,Product
00902RGZHEWNMV2i2zu1,Engineering
00902LLBCUCDMI2evi0q,Marketing
00902LCTVERGXP1mpzuw,Engineering
00902NASKXEEOR2fp9mn,IT
00902WPLJNDVAL1j2s9f,Engineering
00902KVDUOCRJS1pli05,IT
00902DIRPMNOUC207cbr,Administration
00902VDXVZUZBM2caea9,Supply Chain
00902BZOLNJPLP1cnq6u,Finance
00902VOHMOXXZQ1pli0a,Administration
00902WMMJWWLRM1pli1b,Marketing
00902CLOIRZNTP29hxd5,Merchandising
00902QDZCHKAFL2789xn,Engineering
00902NQIAUDOPQ21xd95,Administration
00902JIWQAKBPA1qvpng,AI
00902UPARJWFUZ26j0m3,Merchandising
00902FDNSMFKTY1hi8wg,Merchandising
00902HWDLHOVZE207cc5,Engineering
00902FNGYWIJZE2qd3a6,Marketing
00902DHOXFPWCD1mpzvb,Marketing
00902KIJRPDHIX2s6thk,Engineering
00902GFUFCTNIU2lmtp4,Administration
00902USEXAANLT2psjfz,Engineering
00902QVCHLCVIO2a1r44,IT
00902TGTMNWZOT1j2s9r,IT
00902YCQYSOJUZ1j2sa4,Merchandising
00902TPPJEEKFP1pli13,Product
00902JYVJGSIHD2nkeb5,Administration
00902CVZLAOJSH2jlfom,Supply Chain
00902FXXJGNJOV2i2yyi,Administration
00902HIVTFCQLW2lilv4,Administration
00902FWMDCYEMG1f173q,IT
00902OJWQHYZMQ1uwuv7,Merchandising
00902EEMUSRVXD1pli03,Engineering
00902ZPYZLDINR1uiljc,Engineering
00902TGHVJMRJS20yuxt,Finance
00902HEEVKNYNR1pli0p,Administration
aws,Engineering
00902PTXFAJHYB2dicfr,Administration
00902KGNAZKXEH1plhzz,Finance
00902SQYMQMPPZ1d4esd,Finance
00902QFKOQJYVW1pli0y,Administration
00902BLUUAFERK1dtmz1,Administration
00902JBHVPPGDV1uwc1p,Administration
00902LQGVMETHE1y03zl,Supply Chain
00902GMERSDWJL2c139p,IT
00902JXTARYITA1pli16,Administration
00902ZQNXNALSC1ndanj,Supply Chain
00902QBMBEIELC1o1eu4,Administration
00902WSTPYEYRL1d4es2,Finance
00902GJCAAVEHE1d4erw,Finance
00902OXVFAUZBO2gc63b,Merchandising
00902BEPWQDSZJ22ux4a,Merchandising
00902BCOJMBVBV207cbt,Engineering
00902ALJUDVYUQ1x5rrx,Marketing
00902XUJJBHIIG1pli0b,IT
00902HLAQBYQXE2obtp9,Merchandising
00902EOFIMHMJZ2dxert,Administration
00902HTOPLRJSS2a1r43,Administration
00902BWYBDUXMM20ilj3,Supply Chain
00902SHSGISNTE1f173o,Merchandising
00902NFXBVDUUK2j99af,Merchandising
00902WMXCOWSQV1plhzx,Marketing
00902BJVGVACND2a1r41,Administration
00902YUYQZXPCC1uwc1z,Supply Chain
00902WIDILOAPK1tsmm8,Administration
00902HLIQFLJDR2l1pkh,Administration
00902NMREYXSBA1qohvt,Administration
00902KSWTTNXBD1hljbu,Finance
00902KHHTRFDCP24326f,Finance
00902ICBRTBDEF1d4esk,Administration
00902RCBIZKMNI2a1r3t,Administration
00902NDMUKSTMG1z7jxk,Administration
00902LJWAPPHOO2bf0ph,Administration
00902HWAQIRQPG1mpzu4,Finance
00902SABABOKZO1pli0t,Administration
00902KGDJGTEGL2bf0pi,Administration
00902GIAIKRYTJ207cc6,Marketing
00902VZYAIZITG2inbp7,Marketing
00902BIOAVUKNH1uwc23,Finance
00902BTJVQVYKX1d4est,Finance
00902ALCLZXXAE1ndamu,Administration
00902GGUXLXTZG1rxqk2,Finance
00902UCVYMVBKT2b9000,Finance
00902DUAWQODFN1j2s9s,Engineering
00902JCHHXZGLG2rtqdv,Supply Chain
00902GHYXEDQZU1mpzu9,Marketing
00902MGYNSZMZZ20ilj4,Supply Chain
00902CBCNUYYKY2n8cyj,Merchandising
00902ZKOELOAUR1f173s,Administration
00902MAIDGTAIR1c8l4s,Engineering
00902MGEJIQPNQ1xe480,Marketing
00902QKIGWWSOS19tlg6,Engineering
00902YPFJOMMBA1uwc28,Marketing
00902IBBQKDLMV2i2yye,Engineering
00902HXTEEZOHI2s6thn,Administration
00902ADXRQRCHQ1ndamz,Administration
00902IRKVZMIBA1dtmz2,IT
00902GYITRAXDZ26se73,Marketing
00902IPYHBFBDZ1g17oc,Administration
00902PANNRYIVP2dxeru,Merchandising
00902ZBYVWSOXD1c6vco,Administration
00902YJGTQWXPD2l6is3,Marketing
00902FIDTCUPNO1ndamr,Administration
00902ULKNAYHFX1bk8fq,Finance
00902ULQGPMYVL1z7jxl,Marketing
00902ALTIRFRWD1gvm35,Marketing
00902IKEMPRAXC2m2114,Administration
00902FAEVMDKZE1uwc2j,Marketing
00902RLBWUXNSB1uwc1e,Engineering
00902YBCDBGRWC1tsmm4,Administration
00902DVCIBCEWF281oqt,Engineering
00902EIUIIYTWA1pli0d,Marketing
00902XPWNEJWFF2tjukx,Supply Chain
00902DGKPPOJTU2l6is5,Marketing
00902RTIDYBAXP208fk8,Marketing
00902XMEANJWXE20dosc,Marketing
00902KNXWNUQAU1uwc0n,Engineering
00902QSVCRCWXI1kpvjw,Merchandising
00902SYSOCMROP281oqo,Engineering
00902IBJORPJMU1j2s9w,Finance
00902DGMWGGLNT1mpzuu,IT
00902IQSWSVSIZ1rxqko,Administration
00902DFJZEAJJY1hah9n,Finance
00902CIEHUWKBO1z7jxm,Administration
00902WVKSRERZO2bf0ir,IT
00902BWFYWKVHM1ndamm,Administration
00902XXVBHXUUE2a1r3q,Administration
00902WIDFHUVYB2a1r47,IT
00902KQVQFVHJN2h91eb,IT
00902ZRGXBLSXW1gvm31,Administration
00902ANVNAFUOF1uymws,Marketing
00902GYIBPXYCU1gov8v,Finance
00902EDEWFRJOE2e4hs5,IT
00902PZSRKYUIQ1wibvh,Merchandising
00902MKAKZCRND2q7qtf,Administration
00902OLRMLDKJE21xd9a,Marketing
00902OOFQIYDOT1mpzu8,Administration
00902TCMWWCZQR2tjul2,Finance
00902NMAADNJJQ2e4hs7,Supply Chain
00902YOAGLQMJQ2a1r45,Administration
00902CCEVFMLFJ1bk8fr,Marketing
00902ICXEPHTLD28o95q,Supply Chain
00902PFOYXBYZH1rxqk3,IT
00902PUZVGJACU1mpzv5,Administration
00902RTGTGQNQI1mpzv8,Administration
00902APISGALYU1j2s9y,Marketing
00902OQTMVMODK2s6tho,Engineering
00902CLJQEWOIC2dxerw,Engineering
00902NFRYZLHGO1uwc0p,Supply Chain
00902UIKSMRLVH1uwc1v,Supply Chain
00902JBUYKYVUA1mpzv1,Product
00902PPGGLMVEA1rxqkh,Marketing
00902OUVYUFAHA1j2s9p,Marketing
00902QCVYHFGXA1rxqk1,Administration
00902XYAGZRLUW1uwc12,Administration
00902RSLPQOPFZ19tlg8,Finance
00902RGYSCXHDT1tjhnj,Administration
00902CJDPCCIMD2a1r3k,Engineering
00902YSBJNGLRT2a1r3p,Merchandising
00902MDSGDVNXN2t3c5f,Administration
00902FIZIRAOFR1bzfyc,Engineering
00902ZNSANCUVZ1uyybr,Merchandising
00902ZGIKVAROO2ut4sc,Marketing
00902OWFBXFPEI1tjhni,Supply Chain
00902LNNQXWWTB261vie,Administration
00902AFKFANGZL1mpzu3,Finance
00902OQTUIIOSM1rxqju,Administration
00902HXUQGVLXB1yagw3,Engineering
00902COJNTKZGZ1edxp1,Supply Chain
00902DEWZUYTCS1f173m,Supply Chain
00902DWDVUWQAZ1pli0v,Engineering
00902XNWMVXPUD2omorn,Administration
00902ZPTQQHXVG1sudrh,Finance
00902ZNNNJQJKE1v2x38,Merchandising
00902IRGPTWDGB1rxqkk,Administration
00902SLKWNFQCX1j2s9x,Marketing
00902WUZJAASVU1j2s9b,Engineering
00902YGNPWQSCJ1j2s9o,Engineering
00902OQTIZUOQL2bf0pf,IT
00902TPGHOZKVF2samoo,IT
00902ONDDXAXJL2g6ljs,Merchandising
00902UQUSASGCH2tjuky,Marketing
00902ZMMLWZLTH2p9ujj,Administration
00902USLTVCZCC1j2s9i,IT
00902YMTJFQLQX2mpeng,Marketing
00902FTLOTRAHZ23ei9d,Finance
00902JQSRWYRJZ2psjfv,Finance
00902DOZAURLNK2d28e4,Administration
00902OJYDGCUSM1pli0n,Administration
00902RKGUWWUZJ2u5sd7,Merchandising
00902XPGGYOBXK19tlg4,Finance
00902BGTUFZMEY1pvw4c,Finance
00902NVPWYLJVS1d4es5,Finance
00902QYDMMPQKZ1d4es8,Finance
00902NLHOCPUDS24tyxl,Administration
00902XNGWQVFCZ1gvm36,Marketing
00902DUBDRQFHW1bu8he,Merchandising
00902KLHOXOOXO2h91ea,Engineering
00902DQYGRGQWK1rxqk4,Administration
00902NVQTDLZFL2a1r40,Administration
00902WSKKBHGZD1cmfi8,Administration
00902GDYBDZVLV2um78n,Administration
00902FTIOYDGNF1ndan7,Administration
00902IQHZVFMDO1yrk2m,Marketing
00902VBINKSTKV1bzg6o,Engineering
00902FVFHFAKPP1tjhnh,Engineering
00902DFZYSCFSB1ybdgc,Marketing
00902IFYDBKMGY1rxqjs,Administration
00902QRHQONWPZ261vi9,Supply Chain
00902TMCAFRYHM1mpzv3,Administration
00902IIQIRZYUQ1ndamx,Administration
00902VEPCEBHER1mpzus,Engineering
00902KHFVDYPUN19we0y,Engineering
00902KBMAOGJJX1rxqjx,Administration
00902ELOJQFXLB2bf0iq,Supply Chain
00902VQTPBALTL2b9002,Finance
00902IHXKXAPZC1znekg,Marketing
00902GSEVGNUVY1tjhnf,Administration
00902VYANDUGQV281oqv,Administration
00902AGLWWNFFY2c0d7n,Merchandising
00902XQBSPGSAO1gcks5,Supply Chain
00902PFOKEDZHO2dxes8,Merchandising
00902AMYOIENWZ281or6,Marketing
00902YLHEGYXPN204t4r,Product
00902BNRSVJPCD1rxqjv,Merchandising
00902NLEEQAXVV2tfg7f,Marketing
00902LPUFURYAZ2hch5b,Product
00902ZWLGDJKJJ1uwc2e,Administration
00902NOADOBASH2jpk8x,Administration
00902HBZYYBVUW2lbeju,Administration
00902QFKXOZEDM1evtsc,Administration
00902HZTKGXZKG1dtmz0,Marketing
00902MZUTVADRC2qhn6w,Administration
00902INRWXOKXG1ypzwv,Administration
00902QWHGFTHMX1fl336,Marketing
00902ECIMPRFIM1v5fsl,Merchandising
00902ATMOHJEIM1pli0z,Administration
00902WJOFEBWMT1z7jxq,Marketing
00902ZQDRISOIM2h91ec,Engineering
00902MJGOAODJT2hwj21,Marketing
00902RVCXKKOVW1uwnxk,Merchandising
00902GYCZTDPHL1j2s9a,Engineering
00902JHADAAJPZ2l6iru,Engineering
00902IIDPMDQRG2rtqe0,Administration
00902PSVTWNKSM21n8eg,Administration
00902AQKWTXLPP1pli0f,Administration
00902RWYDGRSZD1uwc2l,Administration
00902IOBTVOMSN1hljbt,Merchandising
00902KEBUCSTOX281or0,Engineering
00902VWTOTHGPN2on1bx,Marketing
00902OMJDJHLUN1ll5qc,Marketing
00902XTCXWJSKS2a1r3l,Administration
00902LRCFBLQEY1rxqkm,Engineering
00902DTCNITOJH1j2sa6,IT
00902ZYKITPOJA1uwc26,Engineering
00902STPHKZGUU2l6irx,Administration
00902KMPXMMYRY1uwc0t,Engineering
00902QFDAXTLRA2a1r3s,Marketing
00902PEKAIAUKV2t3c5h,Merchandising
00902SODLFNOIB21xd98,Administration
00902EJUVTAILP1uwc1i,Administration
00902GSLCPZATB1pli0g,Administration
00902TSKKSTGHL2ut4sf,Administration
00902ZYDTYCKFF21pj4e,Marketing
00902RMNMEYFFM1rxqjz,Administration
00902GDEVBJUGW207cbw,Finance
00902UBFRZYTYQ1j2s9q,Administration
00902JIHSRRNNT1pli1a,Merchandising
00902DHJLZDPVJ2e4hs6,Supply Chain
00902SBNPCOHVL2pqama,AI
00902VSZWVJMGV1vfrbj,AI
00902DTWFBKPSK1mpzv2,AI
00902FDKICMGXN19tlgb,AI
00902FDMSJZUPQ2o8syt,Supply Chain
00902HUQGZROVI1mpzvf,Merchandising
00902IGNHMJAJH1rxqkb,Administration
00902SGVEWIPOX1iqb3w,Product
00902SSJEDJREF2a1r48,Administration
00902GIAVPFDBR1pli0m,IT
00902FLJWVGORS2lbb64,Merchandising
00902JCWCGUHGN1tjhnn,Marketing
00902QCVHHYGNL1nfv36,Administration
00902XRXAIPWVN1pli0s,IT
00902WDYDDVEFY1j2s94,Merchandising
00902YMAEIAQBY1tsmma,Supply Chain
00902FJVJGWQSF1ndan5,Engineering
00902ZBTKWDSJJ1uwc1g,Marketing
00902MPXNAICCK2lmtp3,Administration
00902OMTBHIPOK2tybkj,Administration
00902LOHKSVJZL2m1ios,Administration
00902DKRAVTHUG2bhfha,Marketing
00902FPGTTMADA19tlga,Product
00902TTKIYURZC2u3sew,Engineering
00902FOCAVMABP1ndamw,Marketing
00902PJKNRCMRE2a1r3o,Engineering
00902ICTNPFHMD1g17ob,Merchandising
00902PIJFYKZES2fsbwq,Marketing
00902SCFEFZHTX1ndan3,Administration
00902COANSWAOS1j2s9u,Administration
00902TZXLJZGPT1mpzum,Merchandising
00902FKQJFZRME1i8cqa,Supply Chain
00902QRIOISWQN2tjtfn,Administration
00902VUZLSRNFA21xd97,Administration
00902LZSUCRGNP2dxes6,IT
00902ELQNFOJJG1z7jxn,Administration
00902KKNHJAZPL2o3uyo,Administration
00902RMOMKOEJH225gb9,Marketing
00902BYULDSOST2nhmtc,IT
00902IHXAADGOK2rtqdw,Engineering
00902EMOAQWKDS1j2s9d,Engineering
00902VZJTBJUEN1ndand,Marketing
00902SFSORTJYF1mpzuz,Merchandising
00902KFZEFUFUO1v5fqo,Merchandising
00902KHTNBCELH1d6e86,Administration
00902YSURNDUCG21ki7t,Administration
00902HZXSKYFPV1ndamq,Engineering
00902XWXLVUCGW2lmtp5,Merchandising
00902XYCZYLZIP1pli0u,Marketing
00902KVPCPEOLQ1uxbda,Merchandising
00902NMYMTGLYL2utlws,Engineering
00902TYQCWEDUO1pli15,Administration
00902PLGGEHGVE19tlg9,Finance
00902DSZPZOBHT1pli19,Finance
00902AQJIJNPMJ1pli18,Finance
00902JOTLHEWPM1d4erl,Finance
00902QCCODSOHS1mpzur,Administration
00902VUJTPQHPQ1edxoo,Administration
00902FJBUYPUNM23zva7,Marketing
00902HCOCIGHZR2dxes4,Marketing
00902JHJXOWIHL1d4erq,Finance
00902GRJLAJSAX1j2s9v,Marketing
00902NWUNRXTZQ2a1r3y,Administration
00902YYQVUOBRB1uwc2a,Engineering
00902BNNRXGLJO2r8ays,Marketing
00902DITOBYWSE2nkeb3,Marketing
00902GHCPEMYED1f173p,Marketing
00902TNOPPEWRK1rxqkf,Marketing
00902NNBOHZGNF1tsmm6,Administration
00902NDSEQQJGI261vig,Marketing
00902BHSAYMEOU1uwc0y,Administration
00902NMNXFIRBE2iacxx,Administration
00902NWBWECVIJ1ndang,Marketing
00902IDWPBQEHE207cc7,Marketing
00902YLXKUTKAC29l5ks,Finance
00902SZPLDHWBQ2a1r3i,Administration
00902APRPJCVZF2utlwq,Administration
00902LFUUSFCJL1mpzva,Merchandising
00902HRJCCYJKN1plhzy,Supply Chain
00902XCWMQOHQI2c745k,Merchandising
00902QVNTARSOF1ndan8,Merchandising
00902QLXPTNZPP1ndamv,Administration
00902AAIONXSCW1rxqkg,Administration
00902VOWVCRIZP261vid,Engineering
00902XREFDBQUF1yx6ol,Administration
00902ADNCMJRTO207cby,Administration
00902NKRWOSHJC1mpzv6,Engineering
00902FVUSRYTYG1j2s9c,Supply Chain
00902HDAKSQARL24tyxn,Merchandising
00902VBGECLPYX1j2sa3,Engineering
00902WOFRLNXKJ2nzdgv,Engineering
00902DQATARBIJ1grty0,Finance
00902ZDUXQZREV1ndanc,Merchandising
00902QTYGFGOVL207cc0,Administration
00902FVKIMQHBB1mpzv7,Engineering
00902TUQXKSTIY1ndamp,Marketing
00902PTBVLFINO207cc1,Administration
00902XHSZQPKZW1pli0h,Merchandising
00902QWWUPERFH1j2s9t,Engineering
00902BPWGHZAPP1pli07,Engineering
00902IDEQEFYQS1pli0e,Marketing
00902QDKDWLUGA20yuxq,Administration
00902NOXGUXWDE261vic,Merchandising
00902VILYWVIYD26om6d,Marketing
00902APBUVPFEH1ndan6,Merchandising
00902SQHSMTFPE1oruf4,Marketing
00902YNOSBPCBW2a1r42,Merchandising
00902EYJFTOLEV2qz8y9,Administration
00902JUOFSOBJB24tyxj,Engineering
00902VEFIQTREM24tyxt,Engineering
00902WFBINUIPV1uwc1m,Marketing
00902KSZRNWJDM1j2s9g,Marketing
00902DFNIEZVDL1rxqkp,Engineering
00902KYAEVEILW207cc8,Marketing
00902RPQMQXSXT1pli01,Finance
00902ZMBMBXXVT2noftt,Administration
00902SXUKFMLID1mpzug,Administration
00902DKCLTXXAM20ilj5,Supply Chain
00902SHUXZFCYW20ilj6,Supply Chain
00902LVOFYHSSZ1c155j,Merchandising
00902ECYDAYHCV2cz339,Marketing
00902PNHNRNLTH1rxqkc,Marketing
00902QXNHVSFQC246kmq,Marketing
00902BWENGFCRE207cc2,Administration
00902MAMZKEBJN1tjhnp,Marketing
00902UMRTGPOLB1cngpq,AI
00902HBLZILSCP1i8p0t,Administration
00902GRGEFIRFJ1o1evi,Marketing
00902YJCZFVFFL1uyu74,Marketing
00902TKAHOBPPY2h8obv,Engineering
00902KSDRTHZGH1mpzvc,Merchandising
00902NKGREVQGU20ilj7,Supply Chain
00902SPKWEAJBQ1pli0l,IT
00902WXLRYEWAZ261via,Administration
00902ADWXNWZHO1pli0o,Merchandising
00902IYYCIEVDA2sngbd,Merchandising
00902NJAACQLFT207cc9,Engineering
00902YYTGNDVOM1gvm30,Finance
00902EBOIRDAGN25j5it,Finance
00902COYUWCVAQ2i30oq,Product
00902XINUQSVUZ1d4esp,Finance
00902GUEGAZDFZ1mpzv0,Merchandising
00902JQJNEPFTV1mpzuf,Merchandising
00902OBFCPUEWE2bf0pk,Administration
00902ZBBULXWDV20ilj8,Supply Chain
00902VBWYZCAYO2o3uyn,Merchandising
00902BJRZXVMUN1ndaji,Marketing
00902USMGSECHU2lwkra,Merchandising
00902JIEYCWVDZ261vib,Engineering
00902VUVJUAXHC1mpzup,Administration
00902WFOFCTNWR1f173r,Administration
00902CPYZGFEKD2bioac,Supply Chain
00902ENNFPLORN1tjhnm,Administration
00902STCXYBHSZ24tyxi,Administration
00902PYRTYEJOX1g17o9,Administration
00902IBXPRVOPP1jdjj4,Administration
00902SWFMXLJZU2mq8zt,Administration
00902TLSGGJJOI281oqr,Administration
00902TDAYMVRWO2a1r3u,Administration
00902RRHYTKMTY1j2s96,Marketing
00902NILHYSBYS294d6y,Administration
00902PLZBJOABR2gcyaf,Engineering
00902BWOODKDOQ2lwfi5,Merchandising
00902GMAVKXOVF1f173n,Administration
00902GRELTFLJJ1ndan1,Administration
00902YINCYMKPR1ndamt,Administration
00902VTWHQGLGT2mq8zy,Marketing
00902MPVBPGUEH207cc4,Administration
00902MCQIJKIPP1j2s99,AI
00902MCKZWVNHB1fgvrp,Product
00902XRMLSFIFJ1xe3ua,Supply Chain
00902RPOZJLSFB1j2s9l,Engineering
00902CWDTCPPXI1j2s9k,Engineering
00902VAKFPABZN1j2s92,Merchandising
00902CMSJOZCXM261hix,Supply Chain
00902UNOCAOUIU1pvw4h,Finance
00902PROXNRTZB2mq8zu,Finance
00902MBQZWCQGR1ndan0,Administration
00902HCANPEXMX1msxbl,AI
00902CJLDKTURY1ndan9,Administration
00902XJYPUQOMZ1zda57,Administration
00902VQTDJWYHW2i2yyf,Administration
00902GAEBQKXKM1mpzvd,Engineering
00902ISOEVCQXQ1j2sa5,Engineering
00902UEYLFIYWI2a1r46,Administration
00902UZZVYACDX2m8h3y,Marketing
00902AHQSZCNZO1rxqkn,Administration